,0,1,2,3,4,5,6,7,8,9
-1,"('tallinn', 0.007045945304340652)","('estonia', 0.006582413477931981)","('day', 0.006045041479876081)","('people', 0.005724855929966449)","('sold', 0.00541844300443479)","('food', 0.005316554499130307)","('expat', 0.0053131626827925636)","('wa', 0.005198256959950512)","('estonian', 0.005176206838260594)","('friend', 0.00489321621966338)"
0,"('apartment', 0.04655230099389626)","('rent', 0.03530827759182996)","('bedroom', 0.02426625898072395)","('utility', 0.023714631796583965)","('month', 0.020621881440319595)","('flat', 0.018395304952993942)","('kitchen', 0.014608047176748426)","('term', 0.014587805066926559)","('renting', 0.01436181839083167)","('city', 0.014328053486195006)"
1,"('job', 0.04492012566994683)","('position', 0.021229982235627713)","('company', 0.01935859747540597)","('customer', 0.018914498211181446)","('hiring', 0.01850837772571205)","('marketing', 0.018389047530756684)","('team', 0.017686315608643245)","('speaker', 0.016374626368183296)","('field', 0.01620583756145594)","('experience', 0.015986876903728988)"
2,"('ukraine', 0.05404302929750843)","('ukrainian', 0.04210339738044479)","('war', 0.031971025868450215)","('refugee', 0.030518816406025356)","('support', 0.02324818814195304)","('russian', 0.022444660617879548)","('russia', 0.021501061456693008)","('putin', 0.016110411810551735)","('border', 0.016016976264576124)","('poland', 0.013254692862934982)"
3,"('visa', 0.06546318819847202)","('residence', 0.06485182901196579)","('permit', 0.06268098003634134)","('apply', 0.030316117186707358)","('process', 0.023817061257861552)","('temporary', 0.023530840730901986)","('passport', 0.023249874942353123)","('lawyer', 0.022952065721525736)","('document', 0.02245074243859048)","('citizen', 0.022270280691905134)"
4,"('dog', 0.1023209613811049)","('cat', 0.06756851733902708)","('pet', 0.058100629748183294)","('animal', 0.0265727594725703)","('vet', 0.02267742756171272)","('sitter', 0.021552932995811708)","('shelter', 0.019339125948096343)","('owner', 0.017124854727118655)","('cargo', 0.013802928397676184)","('relocation', 0.01302785430920743)"
5,"('preppers', 0.5391157832370985)","('heeeeelp', 0.5391157832370985)","('hahaha', 0.48586628862682246)","('generously', 0.48586628862682246)","('hoy', 0.45474612143377846)","('wow', 0.4155905678363292)","('hurry', 0.3898465635196319)","('ya', 0.3626172762230903)","('meme', 0.34264209971180826)","('finally', 0.2415255859636729)"
6,"('music', 0.0696622698078814)","('song', 0.05416467866160322)","('sing', 0.029900092003915853)","('sound', 0.028647919001088727)","('musician', 0.028256766515831186)","('live', 0.022886312911847378)","('play', 0.018545158926794186)","('karaoke', 0.0179216606652482)","('instrument', 0.016856694280281886)","('jazz', 0.016292418786589272)"
7,"('language', 0.05591038362404303)","('teacher', 0.04971999784804283)","('tutor', 0.035762828820401986)","('learning', 0.03506173770916986)","('lesson', 0.03415470688615932)","('estonian', 0.02911322588146299)","('school', 0.028075709243519716)","('teach', 0.027578679117503276)","('pilate', 0.027229164669580225)","('teaching', 0.026327753601346853)"
8,"('tallinn', 0.06694125274219581)","('drag', 0.042046141737792406)","('minaj', 0.022046288838215328)","('hopneri', 0.022046288838215328)","('keta', 0.022046288838215328)","('tonight', 0.02081714853134758)","('vous', 0.020634204462963768)","('town', 0.01995875214101187)","('marmite', 0.01963322731668578)","('bye', 0.01963322731668578)"
9,"('tax', 0.11356277261492326)","('accountant', 0.04971088998280525)","('income', 0.033141616627984226)","('pay', 0.030186014783995834)","('company', 0.028604884619707477)","('invoice', 0.028036647047958413)","('employee', 0.027391150068884717)","('accounting', 0.02364392052275874)","('freelance', 0.023051412611507966)","('taxation', 0.022551425162953245)"
10,"('ticket', 0.19184263260301262)","('concert', 0.08744840727578795)","('rammstein', 0.08123638399154984)","('selling', 0.05269054118706299)","('cave', 0.030955133336117463)","('nick', 0.030335155807692495)","('price', 0.028121550347605828)","('euro', 0.02749162518666158)","('eur', 0.022903034453523305)","('saku', 0.022600787256805862)"
11,"('doctor', 0.1079827084905907)","('surgery', 0.05400373253983711)","('hospital', 0.04153800169496968)","('family', 0.04104971311793808)","('clinic', 0.030461201242977763)","('speaking', 0.026771703939643142)","('dr', 0.026714227918882116)","('english', 0.022156501950584523)","('pharmacy', 0.021126269223214415)","('sick', 0.02100145154326999)"
12,"('luggage', 0.04993387047533141)","('courier', 0.043484400338822005)","('suitcase', 0.04124302673975152)","('package', 0.04094321261649875)","('parcel', 0.03849654827072333)","('omniva', 0.03809557026011097)","('delivery', 0.032336525624344706)","('ship', 0.027954257360671288)","('dhl', 0.02689337582420637)","('document', 0.02591737015009749)"
13,"('ja', 0.05690528976619116)","('ka', 0.029815934056547373)","('kui', 0.02155891537533775)","('olen', 0.019599765716835922)","('rske', 0.019211699127809567)","('kes', 0.01869907394014991)","('simon', 0.01844683832172793)","('ei', 0.018002393313257814)","('eval', 0.01775779065566442)","('ning', 0.017293910926619933)"
14,"('driving', 0.1433715153502011)","('translator', 0.0875235045200786)","('translate', 0.07079385899433414)","('license', 0.062358633338939685)","('exam', 0.06157674278716748)","('translation', 0.0486291253866166)","('theory', 0.030342951097797503)","('school', 0.029371263148884722)","('estonian', 0.029249532442153257)","('instructor', 0.02846649289020942)"
15,"('size', 0.13002857161969406)","('boot', 0.06400755160513448)","('jacket', 0.058983200726680576)","('shoe', 0.05706172139176072)","('coat', 0.04891234405932838)","('winter', 0.037472938332745696)","('black', 0.036882181626343026)","('eur', 0.03584363319886554)","('brand', 0.03390840579066907)","('price', 0.0329538232319144)"
16,"('comedy', 0.12262097829926143)","('stand', 0.08575543656637545)","('comedian', 0.07905536835780341)","('victor', 0.059854868999231425)","('heldeke', 0.05446036486870902)","('patrascan', 0.04085720458163702)","('stuse', 0.03935984551212071)","('laugh', 0.03657746046971468)","('dirty', 0.031799294262106315)","('romanian', 0.03079046618420104)"
17,"('gym', 0.07166591303851755)","('training', 0.06347856393106023)","('trainer', 0.04565281430917885)","('personal', 0.04295045459714916)","('fitness', 0.04053826222881058)","('myfitness', 0.03247489361949284)","('workout', 0.030895657329419273)","('coach', 0.02567130325127931)","('sport', 0.02532113215240282)","('weight', 0.02432295733728635)"
18,"('cake', 0.1072960618465718)","('birthday', 0.03140788368779385)","('strawberry', 0.031094182415775686)","('cream', 0.029110809707520356)","('flour', 0.02851611648236349)","('sugar', 0.02749597096452782)","('candied', 0.02737348555577662)","('milk', 0.027335222643621253)","('sweet', 0.026878360184406848)","('powder', 0.02665710622466818)"
19,"('meet', 0.03828450261724945)","('meeting', 0.031077488571676002)","('aimed', 0.030403958432352926)","('moved', 0.02669489977870965)","('event', 0.026226054555627765)","('people', 0.022956979096755016)","('meetups', 0.02119414903308685)","('series', 0.020458436770437054)","('friend', 0.018569603380346862)","('sign', 0.016838184980506127)"
20,"('estonia', 0.0688768872548726)","('lemonade', 0.03443708492411138)","('country', 0.028540339295790203)","('estonian', 0.025116103369961156)","('boing', 0.024529171853004628)","('diff', 0.024529171853004628)","('pirata', 0.024529171853004628)","('living', 0.022539022400436363)","('cumbia', 0.021844348063030976)","('latvia', 0.020624388659532793)"
21,"('iphone', 0.07883795041701386)","('monitor', 0.06068702926653532)","('laptop', 0.05573357560184282)","('screen', 0.047090237293520514)","('pro', 0.04649577917941787)","('mac', 0.04197950101538618)","('inch', 0.040717129537592475)","('macbook', 0.039490375864818815)","('keyboard', 0.03554189940145641)","('core', 0.03357831249582585)"
22,"('game', 0.08310130080731594)","('play', 0.08186834612240342)","('chess', 0.07440967978603895)","('player', 0.06023569088653717)","('futsal', 0.048029980691466675)","('football', 0.04646657480494734)","('badminton', 0.046311739375036465)","('tennis', 0.04355973739346945)","('volleyball', 0.0356447984189049)","('playing', 0.033695087001376876)"
23,"('cleaning', 0.2461621184166714)","('cleaner', 0.07157290066407175)","('service', 0.06918338978884168)","('clean', 0.058329158741319574)","('house', 0.036519938226304303)","('household', 0.03008615587782008)","('lady', 0.029757079612704608)","('deep', 0.02912940448538741)","('carpet', 0.023100612225636686)","('dusting', 0.02259248246613676)"
24,"('hair', 0.15711035434811416)","('barber', 0.06441642384689265)","('haircut', 0.05886597680806758)","('type', 0.055976012857907924)","('style', 0.053470366693662036)","('salon', 0.0525515273126959)","('hairdresser', 0.049311457942040414)","('braiding', 0.04710124830422026)","('treatment', 0.046769888244103254)","('material', 0.02988008957476667)"
25,"('electricity', 0.12441141667934627)","('boiler', 0.05289694233401301)","('energy', 0.0527621827279862)","('heating', 0.046654281254754855)","('gas', 0.03773816440591911)","('electric', 0.03278413791439749)","('price', 0.03002475442750532)","('universal', 0.026448471167006504)","('water', 0.02563195443789689)","('switch', 0.023960637293272226)"
26,"('news', 0.13758674070872684)","('accurate', 0.1317726190700556)","('worry', 0.0982879522215739)","('light', 0.08974968115146659)","('probable', 0.08546957539124732)","('jeeeezzzzz', 0.08546957539124732)","('coming', 0.08509059660163273)","('friend', 0.08495551609735023)","('thug', 0.07702758234327672)","('illuminated', 0.07702758234327672)"
27,"('photographer', 0.09488878215053337)","('photo', 0.06019129593108151)","('portrait', 0.05032812936210761)","('picture', 0.04422961921503768)","('photography', 0.04298270037949401)","('model', 0.032194742332290804)","('shoot', 0.029664586600473247)","('camera', 0.028652185877714634)","('film', 0.027997475167152376)","('profile', 0.024146338459376047)"
28,"('book', 0.14393820862207066)","('edition', 0.03493003264937136)","('dune', 0.03168968803510128)","('bookstore', 0.03168968803510128)","('read', 0.027740759326930983)","('raamat', 0.02497901230410895)","('sell', 0.02340746843119435)","('estonian', 0.02277252330198943)","('library', 0.022703132625828334)","('rahva', 0.020359807787962012)"
29,"('bolt', 0.1409716706953217)","('car', 0.07263784588175484)","('driver', 0.07085508836203275)","('rentautoest', 0.05220403755149694)","('petrol', 0.051730328453539594)","('gross', 0.049703555442036716)","('expense', 0.049598561853422915)","('salary', 0.04641292339276116)","('taxi', 0.04310860704461633)","('wolt', 0.03764684563306647)"
30,"('film', 0.09693508170788523)","('movie', 0.07246448146434308)","('screening', 0.06711021003571283)","('cinema', 0.04579019026577327)","('prus', 0.03506183410116937)","('kino', 0.03353935853701399)","('posti', 0.022901961993483568)","('watch', 0.02245137712743066)","('volunteer', 0.022024842563630076)","('short', 0.02028072748296523)"
31,"('evening', 0.08637820179250855)","('enjoy', 0.08408476639134502)","('night', 0.07721299423102623)","('thursday', 0.0729471013210741)","('tonight', 0.06278013741295875)","('tomorrow', 0.060877280097832845)","('weekend', 0.057842879114565954)","('friday', 0.05717549705470462)","('tallin', 0.055405149699024804)","('fun', 0.05275722050576542)"
32,"('bank', 0.14563176450350793)","('account', 0.13089228989413632)","('swedbank', 0.06460469970637803)","('money', 0.05909391186855095)","('transaction', 0.042518125667350054)","('card', 0.03626400769729763)","('wise', 0.03564891058885213)","('payment', 0.032732799621934636)","('paypal', 0.027632031599649318)","('fintech', 0.027078610024284206)"
33,"('lasnam', 0.2948425441829077)","('park', 0.12735483586083612)","('tondiraba', 0.10745578094058887)","('breakfast', 0.04576901575834727)","('pae', 0.045382738479041)","('skating', 0.04168731171752828)","('paasiku', 0.03879254914641708)","('advent', 0.03725984401291227)","('tark', 0.03725984401291227)","('tondiloo', 0.03600866427870052)"
34,"('internet', 0.1061549154053698)","('sim', 0.09821389139057884)","('telia', 0.08392220592656938)","('elisa', 0.07549741180090691)","('phone', 0.05783840258696542)","('mobile', 0.0506098067979345)","('roaming', 0.04562748360180933)","('prepaid', 0.04562748360180933)","('data', 0.045242093675461406)","('provider', 0.04519211900525391)"
35,"('covid', 0.11007030623980343)","('vaccine', 0.10784696170803161)","('vaccination', 0.09711335557926057)","('booster', 0.07720058817086639)","('certificate', 0.06874692824133238)","('vaccinated', 0.06540891771297368)","('shot', 0.043707958134528664)","('dos', 0.039667234815508656)","('qr', 0.039667234815508656)","('eu', 0.0357881810619841)"
36,"('snow', 0.07066695257611179)","('weather', 0.06311938014977049)","('winter', 0.04031384701501162)","('ice', 0.038093730482023726)","('shade', 0.036592096214839095)","('aurora', 0.036592096214839095)","('melting', 0.029256375714109814)","('park', 0.029166326353508274)","('pretty', 0.028337839508373174)","('slowly', 0.028273951193564482)"
37,"('scooter', 0.08832361384704135)","('tire', 0.07078941103957712)","('bike', 0.06297797358304139)","('bicycle', 0.04591775513521687)","('rim', 0.032902485397304726)","('maintenanced', 0.029006979557842084)","('romet', 0.024999642783246564)","('winter', 0.022559465905370137)","('wheel', 0.022387811339358497)","('wheeled', 0.02193499026486982)"
38,"('salsa', 0.17314260285758654)","('bachata', 0.1311482293816183)","('latinamerican', 0.12435742777560495)","('lesson', 0.11385691817043539)","('dancing', 0.11237360373047767)","('combination', 0.10682479150628894)","('latintime', 0.10493229271643278)","('atmosphere', 0.09621209735021907)","('special', 0.08451108532217867)","('teacher', 0.07702936991599277)"
39,"('restaurant', 0.13236112373352726)","('cuisine', 0.06846189974065886)","('dining', 0.05414354192404056)","('food', 0.053208566712164715)","('thai', 0.04782205869713132)","('burger', 0.04535334760555556)","('eat', 0.040802192064421726)","('african', 0.038673958517171834)","('culinary', 0.03671863092322434)","('tallinn', 0.029092542471502232)"
40,"('exchange', 0.13846730477784383)","('euro', 0.12058458009456004)","('currency', 0.07435370017192702)","('cash', 0.06976083294227738)","('rouble', 0.05594668370951848)","('ruble', 0.05594668370951848)","('rate', 0.049524173778040186)","('coin', 0.046706998198066646)","('selling', 0.04088918969090693)","('albanian', 0.03985023187475515)"
41,"('language', 0.1570067519321028)","('meetspeaker', 0.10992090914292714)","('partner', 0.09922425832735488)","('exchange', 0.08849624115842036)","('native', 0.06437453727441766)","('spanish', 0.048187398159078666)","('polyglot', 0.04678545089974529)","('speaker', 0.039860574940470093)","('tutor', 0.03807010809913759)","('german', 0.037993564126845424)"
42,"('art', 0.14428481434885457)","('club', 0.12700043006214967)","('material', 0.08429533890812407)","('workshop', 0.0808989725839236)","('drawing', 0.075518876001273)","('adult', 0.07198124582999878)","('watercolour', 0.0680741077185615)","('tutorial', 0.05471459662925586)","('sunday', 0.05034533393095349)","('registration', 0.04983399582579594)"
43,"('event', 0.07864669697838943)","('game', 0.057540036815536814)","('fun', 0.0454835373993859)","('thorgate', 0.03926645463337156)","('kat', 0.036448560700953404)","('video', 0.03094790070799714)","('exhibition', 0.026454496430739462)","('registration', 0.02522139404795955)","('narva', 0.024317176124950282)","('casual', 0.02373557669780733)"
44,"('insurance', 0.21188608551591634)","('health', 0.07554372737558275)","('ergo', 0.06997246011890829)","('private', 0.058870691804442266)","('doctor', 0.04572565256793598)","('cover', 0.04493589181029379)","('haigekassa', 0.03801568318067858)","('practitioner', 0.029203389405891768)","('recommend', 0.027039125658341306)","('travel', 0.02689002435070857)"
45,"('yoga', 0.22972158508961288)","('class', 0.08300090310881825)","('mat', 0.04174633711495234)","('birth', 0.03890878478433074)","('blissfulfix', 0.034406960925282205)","('yogi', 0.029217625594592022)","('workout', 0.028421968785416345)","('meditation', 0.028250564065665)","('studio', 0.02682796023503013)","('teacher', 0.024633584461159264)"
46,"('chair', 0.15799639207941973)","('table', 0.12769670073989237)","('eur', 0.07597915371614888)","('office', 0.06035135238066291)","('ikea', 0.05824054463521279)","('selling', 0.053783705941981313)","('desk', 0.0530972155941208)","('drawer', 0.05079099648905223)","('dimension', 0.04890067003008478)","('lamp', 0.04650503393475683)"
47,"('wine', 0.144494886202272)","('bar', 0.07914462820780582)","('party', 0.05435247734504735)","('leary', 0.053316773708345755)","('cocktail', 0.04897378195310756)","('drink', 0.044041789198043246)","('beer', 0.04266921083881457)","('hata', 0.0371179359270965)","('toro', 0.03508558869380835)","('alcohol', 0.0335120231580581)"
48,"('clothes', 0.20461583006979137)","('donate', 0.1517984552859147)","('shirt', 0.062256781156677196)","('sewing', 0.05169560713278787)","('collecting', 0.040398119319675206)","('underwear', 0.03902111933095128)","('clothing', 0.038129046869323925)","('wear', 0.03597218364607275)","('thermal', 0.03566123684404145)","('fabric', 0.03446373808852525)"
49,"('video', 0.12005714886364005)","('youtube', 0.06922401402713481)","('subtitle', 0.05118543075091465)","('episode', 0.03380610159583009)","('estonia', 0.033347761383168834)","('topic', 0.03270291622462001)","('life', 0.03191412763490158)","('link', 0.031398165247261314)","('podcast', 0.03046156057944357)","('mistake', 0.029248817571951226)"
50,"('tea', 0.1880295960286849)","('kopli', 0.1383475718604235)","('tour', 0.08188493878830708)","('hidden', 0.07344730596469537)","('friend', 0.06102599741224753)","('chance', 0.05858547594608555)","('sweet', 0.05750954801720258)","('volta', 0.05306527949274034)","('menstrual', 0.05306527949274034)","('history', 0.052156094440334734)"
51,"('seminar', 0.12670216971787862)","('mental', 0.09497349617401528)","('parent', 0.07858288091936873)","('child', 0.07662577148780896)","('health', 0.07106569587978404)","('topic', 0.05295244515477535)","('aimed', 0.05155608732611096)","('sign', 0.05076011180581742)","('kindergarden', 0.04751254992895513)","('therapy', 0.04520892246546242)"
52,"('tattoo', 0.31023420086122494)","('design', 0.11482423349680833)","('karinkirsi', 0.06526570400514468)","('insta', 0.05892530738625217)","('peole', 0.05627788939450291)","('tattooist', 0.05627788939450291)","('personalised', 0.05141013343328863)","('artist', 0.05010872151272653)","('handpoke', 0.04687433021858731)","('avaliable', 0.04502231151560233)"
53,"('wood', 0.14638615453050072)","('furniture', 0.09159370590620719)","('cubic', 0.06910815776343293)","('cut', 0.06646080271195147)","('fitting', 0.06180494299701481)","('metal', 0.060004147266485675)","('drill', 0.05876204686769524)","('carpenter', 0.055286526210746346)","('meter', 0.051504947039788064)","('floor', 0.04973963482845356)"
54,"('independence', 0.08120774867925183)","('flag', 0.057006172621133853)","('day', 0.05100564301947269)","('tower', 0.050612949539417904)","('midsummer', 0.05040259250157959)","('celebrate', 0.045204368972334104)","('eva', 0.03793719790193473)","('restoration', 0.03710271702074761)","('hermann', 0.03710271702074761)","('happy', 0.03701855300458016)"
55,"('watch', 0.18167423645902142)","('bar', 0.1210109895061379)","('final', 0.11017579975467706)","('match', 0.094751198367071)","('fan', 0.07915314462157964)","('cup', 0.07761766502066976)","('supporter', 0.07567038145524022)","('stream', 0.07567038145524022)","('watching', 0.07052005826320389)","('league', 0.0645557579167175)"
56,"('casting', 0.09208717312404258)","('role', 0.07414820837479226)","('shoot', 0.05761879480306142)","('shooting', 0.049678995646126)","('paid', 0.04327020122055548)","('gorodenkoff', 0.042971965277120994)","('candidate', 0.041269946451354296)","('photo', 0.041210405075751626)","('illustrative', 0.039531805458850586)","('suitable', 0.03856693050859936)"
57,"('bachata', 0.14740886518002513)","('dance', 0.12392738475755315)","('class', 0.08583428830454456)","('studio', 0.07912115304297533)","('instructor', 0.07506402939688614)","('beginner', 0.07113678569257613)","('forr', 0.06529485328823867)","('tango', 0.05372443808221076)","('bollywood', 0.04612417244179837)","('sensual', 0.03975208216417298)"
58,"('sony', 0.07423466029581635)","('lens', 0.06935982859009517)","('camera', 0.05707971319337413)","('headphone', 0.052784739502369483)","('airpods', 0.05233740439678363)","('tripod', 0.04361450366398635)","('mount', 0.03975568735062724)","('nikon', 0.03317375451394843)","('photography', 0.03184526463728745)","('battery', 0.03184526463728745)"
59,"('breathwork', 0.0929997169524015)","('meditation', 0.09035218821264714)","('yoga', 0.02869943787377779)","('mind', 0.024200057992741164)","('session', 0.023812242375974423)","('mantra', 0.023721964355092336)","('emotional', 0.02367197455097108)","('monk', 0.021156916984197627)","('spiritual', 0.021156916984197627)","('practice', 0.021093470823115107)"
60,"('flight', 0.1926590289978757)","('airport', 0.09323978714408399)","('helsinki', 0.05055996302591506)","('fare', 0.04845655392327147)","('delhi', 0.04845655392327147)","('ryanair', 0.038639545827050606)","('bali', 0.03451509154179613)","('fly', 0.03344434468268193)","('kiwi', 0.03230436928218098)","('charter', 0.03230436928218098)"
61,"('scam', 0.13782647047290353)","('email', 0.04751253923313045)","('careful', 0.046887866276352705)","('money', 0.04613922821407228)","('scammed', 0.045496230584187614)","('lhv', 0.03435966358978691)","('product', 0.03318483668899623)","('debt', 0.03297635570786258)","('scammer', 0.03297635570786258)","('stolen', 0.03209344915232156)"
62,"('sale', 0.17777100634247378)","('sell', 0.11541182351491658)","('selling', 0.10501517583810473)","('insta', 0.09820884564375361)","('product', 0.08209790326704797)","('sterling', 0.07300526231335708)","('necklace', 0.07300526231335708)","('inline', 0.07300526231335708)","('hreat', 0.07300526231335708)","('bylady', 0.07300526231335708)"
63,"('canoe', 0.1079841768788729)","('nature', 0.08401695780625275)","('spring', 0.07706476386330105)","('fishing', 0.07618625601454826)","('trip', 0.05769839831600906)","('hike', 0.053104647014505055)","('sauna', 0.044954445586925615)","('purest', 0.04365799904543256)","('boat', 0.04292310808921595)","('season', 0.04217083089030232)"
64,"('dentist', 0.33878900345400914)","('dental', 0.22484831668837052)","('tooth', 0.15697361628445353)","('clinic', 0.11253245060961696)","('orthodontist', 0.09955609957930046)","('speaking', 0.06044034635734578)","('recommend', 0.05459271255708468)","('recommendation', 0.053216775734873926)","('extraction', 0.05231592547468247)","('wisdom', 0.04620580814523518)"
65,"('fine', 0.05161204605783446)","('pedestrian', 0.05145183071832704)","('car', 0.04578120070707302)","('police', 0.04540777918440349)","('lkf', 0.04501294095410497)","('stopped', 0.04447851145884941)","('road', 0.039845591592991725)","('inspection', 0.03858887303874529)","('speed', 0.03235574391496735)","('insisted', 0.03206224239669386)"
66,"('school', 0.07276993733351668)","('child', 0.05582298662743054)","('kid', 0.04761047870923642)","('german', 0.04751087625622952)","('parent', 0.038960967963564845)","('bilingual', 0.03361505752727376)","('tech', 0.031017587379512785)","('language', 0.029995874108542302)","('grade', 0.027607236275754295)","('education', 0.026171923993513542)"
67,"('plumber', 0.1040474296556341)","('renovation', 0.09138796916994586)","('kitchen', 0.07821787612106337)","('window', 0.06102967885794589)","('contractor', 0.053141089002022426)","('plumbing', 0.0485446505861873)","('handyman', 0.044591755566700336)","('mechanism', 0.04141810985015536)","('recommend', 0.04045230504229881)","('bathroom', 0.040447970420732046)"
68,"('painting', 0.23136829016785324)","('unframed', 0.0646542485773618)","('oil', 0.05913135306158157)","('painted', 0.05672842309880125)","('leftover', 0.05538491773736793)","('etsy', 0.05538491773736793)","('intention', 0.054184190700001994)","('negotiate', 0.05119939420981043)","('larger', 0.049575100726286556)","('purchased', 0.04631960966763827)"
69,"('coffee', 0.3262098166092135)","('kimono', 0.04749068986577963)","('kohvi', 0.04749068986577963)","('decaf', 0.04749068986577963)","('ndikakaokohv', 0.04749068986577963)","('piparm', 0.04749068986577963)","('caffeine', 0.04749068986577963)","('starbucks', 0.044448869012324206)","('rgi', 0.04062163445016751)","('bean', 0.03810530320116702)"
70,"('spanish', 0.13213055613152774)","('hispaania', 0.06271779363857748)","('club', 0.061444986182888565)","('english', 0.060842169702506006)","('learner', 0.05787973385166378)","('native', 0.0539354231218094)","('speaker', 0.0534347166769545)","('basque', 0.053258554762514586)","('practice', 0.050492891681308195)","('meet', 0.044362502732460424)"
71,"('exhibition', 0.08982771232482199)","('art', 0.08177276475941388)","('artist', 0.06334732201115056)","('vent', 0.05849330737298618)","('sculpture', 0.05710800406697493)","('gallery', 0.055862063227019004)","('painting', 0.03976106912514219)","('nobel', 0.030940778195031552)","('space', 0.025530845485935077)","('rome', 0.024999642783246564)"
72,"('erasmus', 0.09297867554447901)","('serbia', 0.08796503202360019)","('zsd', 0.05649050522338614)","('avala', 0.05649050522338614)","('youth', 0.04607278722594896)","('belgrade', 0.043014947307900314)","('germany', 0.04296948451871052)","('covered', 0.04164224641610126)","('gmail', 0.04121596750659495)","('accommodation', 0.03928863368892763)"
73,"('mattress', 0.23410302925540138)","('bed', 0.1275997387007844)","('ikea', 0.10207979096062751)","('intex', 0.05374272344217381)","('pillow', 0.04826550752698439)","('sofa', 0.045730435613268346)","('cover', 0.043148668840566194)","('duvet', 0.04285476900818339)","('pad', 0.04049406632957734)","('impregnated', 0.038280374255446614)"
74,"('survey', 0.1193614407958833)","('census', 0.06303327549792645)","('adapt', 0.03717996676171337)","('participate', 0.03659982242610956)","('anonymous', 0.03648688248918471)","('short', 0.03517502432659161)","('international', 0.0346738028969624)","('researching', 0.033953237180465654)","('smoothly', 0.033953237180465654)","('ministry', 0.033266697761306065)"
75,"('daycare', 0.0913482375451983)","('nanny', 0.08808031376772472)","('babysitter', 0.06403241736272881)","('child', 0.05442346966042928)","('kid', 0.04674144780711216)","('day', 0.04238278550770612)","('estoninan', 0.035685094644907864)","('kakumae', 0.03339943264767864)","('kindergarten', 0.032989044204481816)","('girl', 0.03187037496642825)"
76,"('print', 0.267806822318359)","('printing', 0.18232116163274092)","('printer', 0.17479608697837945)","('printed', 0.07491260870501977)","('sleeved', 0.06828391083403991)","('billboard', 0.06391026571501751)","('flyer', 0.06080994190519434)","('photo', 0.053123166119975945)","('picture', 0.04766480727924971)","('shirt', 0.040786604736158256)"
77,"('piano', 0.12321982554149932)","('teacher', 0.0831409816009443)","('music', 0.07267630602065636)","('teaching', 0.06980007728740312)","('teach', 0.0658048752176474)","('moscow', 0.060694674559942687)","('sergei', 0.053099098011728615)","('musical', 0.051653098960322524)","('adult', 0.0446419189279291)","('modern', 0.04240143776311133)"
78,"('ikea', 0.15595523618984758)","('bowl', 0.1235077759623486)","('stainless', 0.1115390704433104)","('steel', 0.10494201734447221)","('pitcher', 0.0938519504769484)","('glass', 0.09229020835343324)","('microwave', 0.08729675168333655)","('dish', 0.08128577404701437)","('plate', 0.0685262916824593)","('lid', 0.06692344226598625)"
79,"('babystork', 0.16751392330310788)","('clothes', 0.10940928796084727)","('baby', 0.09907744416766788)","('parda', 0.07678318118252316)","('stroller', 0.0693238910426496)","('outlet', 0.06666904631295882)","('glada', 0.0661755250144762)","('discount', 0.05540881089754849)","('selected', 0.054348363178151594)","('percent', 0.05216205510563929)"
80,"('furniture', 0.08276235685188969)","('cupboard', 0.06999410409307402)","('ikea', 0.05671099497812641)","('wood', 0.05196391632684441)","('chair', 0.04273527552316515)","('priced', 0.041751385826689684)","('household', 0.03976032384526728)","('sofa', 0.03810869634439029)","('table', 0.03730291500401704)","('moderately', 0.03539649081859738)"
81,"('pcr', 0.36661357427915564)","('confido', 0.11029254169079365)","('result', 0.0784094911653377)","('rt', 0.07678318118252316)","('airport', 0.0760377943287316)","('testing', 0.06666904631295882)","('positive', 0.06624950050608033)","('synlab', 0.061924134824987175)","('fly', 0.06000308898951759)","('tested', 0.04838600793721283)"
82,"('winter', 0.2481541249590715)","('cold', 0.10732483374109292)","('raining', 0.07787227980091423)","('crocodile', 0.07787227980091423)","('unusually', 0.07787227980091423)","('coincidentally', 0.07787227980091423)","('compelled', 0.07787227980091423)","('schematic', 0.07787227980091423)","('dundee', 0.07787227980091423)","('rainning', 0.07787227980091423)"
83,"('christmas', 0.15234694246514716)","('vabamu', 0.07663372172868481)","('church', 0.06500373500534085)","('merry', 0.05648091306349237)","('tradition', 0.05583364625080086)","('soviet', 0.05462459196881867)","('tour', 0.05276476298821003)","('cleverly', 0.04479618263935242)","('le', 0.043035431421406985)","('par', 0.04192694736623489)"
84,"('movie', 0.4264900101310024)","('night', 0.256151044353722)","('organised', 0.09372076334955858)","('cockdown', 0.08343458550097953)","('loosen', 0.08343458550097953)","('subletting', 0.07519359228748441)","('curfew', 0.07519359228748441)","('week', 0.07084607072348265)","('noortekeskus', 0.06696332888369615)","('gun', 0.06696332888369615)"
85,"('training', 0.09927118212967896)","('newinestonia', 0.06556647308097427)","('cultural', 0.055063065827934056)","('culture', 0.0506192156819361)","('program', 0.05012918329893176)","('programme', 0.04533864554318931)","('estonia', 0.0409309370981825)","('study', 0.03925443813925267)","('october', 0.03781205714884089)","('consists', 0.03508607652779862)"
86,"('smoke', 0.12697651808649874)","('weed', 0.05263363226221346)","('neighbour', 0.052173795522422545)","('smell', 0.042106905809770764)","('night', 0.0394367443653091)","('neighbor', 0.03592215561494764)","('detector', 0.03575624745144629)","('apartment', 0.035393394062292964)","('noise', 0.035331720795940866)","('appartment', 0.03333376771646999)"
87,"('quiz', 0.31239882822527615)","('vaat', 0.1503330080925327)","('beer', 0.08826670085284191)","('hill', 0.08590457605287583)","('monthly', 0.0760377943287316)","('billiards', 0.057957839006265874)","('pub', 0.05788635383355089)","('lingo', 0.055146270845396826)","('trivia', 0.055146270845396826)","('language', 0.05368245562384397)"
88,"('sauna', 0.3151517013590813)","('tub', 0.06553455162614501)","('noblessner', 0.0509000697501913)","('spa', 0.04616912833126047)","('sleeping', 0.03776839119566092)","('night', 0.03372521587102295)","('conversation', 0.03285428523136367)","('recommendation', 0.0324002998816851)","('feeling', 0.03220607235136896)","('aufguss', 0.030209074060699483)"
89,"('survey', 0.2039215615097169)","('fundraise', 0.135066934546807)","('meal', 0.0870858869974782)","('compliment', 0.07389624473298899)","('interact', 0.07031149532788096)","('visibility', 0.06335006657194019)","('replying', 0.06169216011994636)","('interview', 0.0607660262172558)","('minute', 0.055941061245152926)","('conducted', 0.053912922039836636)"
90,"('camp', 0.23314331952080777)","('summer', 0.0991762759587651)","('kid', 0.06514359261306182)","('kadrina', 0.04973434450510781)","('bellnor', 0.04973434450510781)","('son', 0.04828864246890515)","('july', 0.04459006376465999)","('ti', 0.03990555374610405)","('mme', 0.035073600757901634)","('english', 0.03468066160721414)"
91,"('parking', 0.31195793072629663)","('space', 0.1150282328477354)","('underground', 0.08507055104265372)","('rent', 0.061135801441043185)","('rented', 0.061014389446986776)","('car', 0.055721337842059744)","('renting', 0.05503039797652004)","('keskturg', 0.04576722903786576)","('spot', 0.04344936795740033)","('roofed', 0.034021869815933393)"
92,"('town', 0.3046005199631908)","('paide', 0.1673007732066342)","('grocer', 0.1187882234251234)","('mysterious', 0.1187882234251234)","('mustamaeindoor', 0.1187882234251234)","('burning', 0.1187882234251234)","('cbd', 0.1187882234251234)","('city', 0.11501298527223652)","('pricy', 0.10705528393472359)","('appeared', 0.0953376207835674)"
93,"('wallet', 0.2787754387754659)","('lost', 0.1785359794478603)","('card', 0.11174554490106524)","('debit', 0.09102681517522927)","('black', 0.0891755791046671)","('leather', 0.06919301357302504)","('keskus', 0.0660941962930917)","('document', 0.05221775562261021)","('color', 0.049931889543991574)","('brown', 0.04186588867815151)"
94,"('brit', 0.20734734999399568)","('eu', 0.20033469041755214)","('brexit', 0.1779002091789904)","('british', 0.13949995092500642)","('resident', 0.11817168886010405)","('citizen', 0.10735799747236112)","('country', 0.0904060549320021)","('facebook', 0.08844312280504346)","('living', 0.06909283652514718)","('discus', 0.06715543296497381)"
95,"('key', 0.5308796117721081)","('lost', 0.18567010157743666)","('schnelli', 0.13831769572697894)","('aia', 0.09221179715131929)","('chain', 0.0877970309250199)","('fountain', 0.08559436590838648)","('bus', 0.07848497905618945)","('rc', 0.057446763787559675)","('popell', 0.057446763787559675)","('rpuse', 0.057446763787559675)"
96,"('startup', 0.15368930994927982)","('app', 0.06934554401375495)","('software', 0.06794034716799609)","('subsidy', 0.06391026571501751)","('tester', 0.06080994190519434)","('automation', 0.05840732304726789)","('developer', 0.05741383870086156)","('manual', 0.04994173913667985)","('program', 0.047845305449791244)","('business', 0.042293243686904465)"
97,"('euro', 0.071852090018751)","('pc', 0.061463749876466404)","('cooker', 0.05316569087481399)","('bowl', 0.05014601430050244)","('stuff', 0.04626704313508888)","('condition', 0.04573017335170095)","('string', 0.03925756631888402)","('blanket', 0.03884762403047254)","('iron', 0.034733916316863796)","('moving', 0.030597500960569488)"
98,"('racial', 0.05391495027399164)","('incident', 0.03500264403968588)","('police', 0.031721037231657756)","('offence', 0.031445210524676165)","('attacker', 0.031445210524676165)","('abuse', 0.02777264000218923)","('polite', 0.02625198302976441)","('speech', 0.02294166895312197)","('pamphlet', 0.02239809131967621)","('detained', 0.02239809131967621)"
99,"('inflation', 0.3726806839162951)","('rate', 0.0810279385168451)","('economy', 0.057475448983916225)","('honest', 0.05653075327350538)","('salary', 0.054078541707952676)","('source', 0.054060061187437745)","('increase', 0.04820521797108128)","('sense', 0.04820521797108128)","('noticed', 0.046468147029625165)","('weaker', 0.04521616246504697)"
100,"('moving', 0.3121783385675638)","('sale', 0.16364673460567447)","('selling', 0.1381021490473706)","('item', 0.11837179235888091)","('pakkiautomaat', 0.09600692030249698)","('itens', 0.09600692030249698)","('nobblesner', 0.08652413359107797)","('hii', 0.07400927920372985)","('belonging', 0.06942473048979746)","('privately', 0.06942473048979746)"
101,"('arak', 0.10527102920247819)","('leaving', 0.097330447899888)","('poster', 0.06982757903377375)","('store', 0.06874044125732195)","('reach', 0.06570503182754482)","('profile', 0.06351828478063642)","('colour', 0.06287934896824397)","('selling', 0.06000867190748841)","('touma', 0.058404209850685666)","('reinforce', 0.058404209850685666)"
102,"('massage', 0.25091774091993374)","('therapist', 0.0859170072347994)","('session', 0.057617404527258165)","('appointment', 0.05066010373483933)","('acupuncturist', 0.0503287789015832)","('alo', 0.0503287789015832)","('roosikrantsi', 0.0503287789015832)","('mentioned', 0.04816501244324139)","('adjustment', 0.04710517592541131)","('bone', 0.04304922216631298)"
103,"('hall', 0.062139163632224124)","('town', 0.060416632058814715)","('street', 0.059745718924135445)","('catherine', 0.050844641196149794)","('church', 0.05084113388091065)","('courtyard', 0.04518888011430659)","('square', 0.03636931282264563)","('tower', 0.031952000721780886)","('passage', 0.03041832240120622)","('medieval', 0.029697921991685732)"
104,"('museum', 0.19730250030881746)","('muuseum', 0.1157533475434436)","('tallinna', 0.08689534877524834)","('kirjanduskeskus', 0.07136113421974818)","('epping', 0.051252115045380194)","('tower', 0.047236556875707957)","('kumu', 0.04496922833344609)","('literature', 0.04390421724966751)","('medieval', 0.04390421724966751)","('exhibition', 0.041435334272839304)"
105,"('volunteer', 0.08762498903007289)","('pillapalu', 0.0692650946393882)","('ambulance', 0.05197954180261758)","('worldpackers', 0.04547461214337784)","('rescue', 0.04493470131996582)","('metaverse', 0.04155905678363292)","('retreat', 0.03898465635196319)","('medical', 0.038316968130859476)","('volunteering', 0.03487303960985539)","('activity', 0.03455732588327372)"
106,"('bottle', 0.22506490121923392)","('recycle', 0.22424802326350504)","('trash', 0.17470346228657377)","('dispose', 0.14343391279306936)","('throw', 0.11450532114655568)","('wrap', 0.1117922434008618)","('deposit', 0.1073162934854068)","('recycling', 0.10463185094936495)","('printer', 0.08176302425031656)","('waste', 0.07521040178464386)"
107,"('child', 0.06505371620189496)","('druk', 0.036092924297992525)","('ues', 0.036092924297992525)","('participating', 0.03542903311579096)","('poi', 0.0337811404493664)","('remunerated', 0.0337811404493664)","('kindergarten', 0.03336606185253304)","('errand', 0.03214239786417415)","('daughter', 0.03171788357873831)","('accompany', 0.02896003043288694)"
108,"('bus', 0.1768141715669268)","('lane', 0.1448654898011038)","('scooter', 0.07854866844104468)","('train', 0.07317602300529064)","('oneway', 0.0717757017289624)","('route', 0.07141456946635952)","('pedestrian', 0.057590969610854706)","('sidewalk', 0.057590969610854706)","('finland', 0.056769218702904155)","('bike', 0.05367440930372846)"
109,"('box', 0.3942958097574352)","('moving', 0.20780260226837832)","('rid', 0.12708205439285783)","('bauhaus', 0.11495058259302722)","('dreaming', 0.07455856576683277)","('happen', 0.07136766940158305)","('carton', 0.06719427395902863)","('searching', 0.06562037754427273)","('princess', 0.06289042104935233)","('doe', 0.061369414843797994)"
110,"('booked', 0.12792752490770187)","('shelf', 0.09185952025582077)","('ikea', 0.05665896654236666)","('pot', 0.045102418480398435)","('feather', 0.03832114730577303)","('plant', 0.0371240409271067)","('white', 0.03657740367769098)","('rack', 0.03653123276124966)","('shoe', 0.036400841230340326)","('retail', 0.03269245722020923)"
111,"('animation', 0.39551157266071685)","('motion', 0.2344129220992383)","('club', 0.09954087761627949)","('art', 0.09624518955990301)","('create', 0.08759066842126963)","('professional', 0.08518401400132686)","('sunday', 0.07365839847195357)","('workshop', 0.06340730283604824)","('registration', 0.06249452449505221)","('animated', 0.056446014274719736)"
112,"('king', 0.09542477722864147)","('instalment', 0.09493193309839226)","('frodo', 0.09493193309839226)","('gandalf', 0.09493193309839226)","('lord', 0.0876088698754729)","('reading', 0.07510194052284416)","('final', 0.07166991418385055)","('dramatic', 0.0681808439543088)","('tower', 0.06283893475283574)","('sam', 0.05982270072237223)"
113,"('stolen', 0.20462266238057372)","('bike', 0.16642669193505064)","('police', 0.06861232981267487)","('lock', 0.05978989659400681)","('wa', 0.05161076069145497)","('piraattakso', 0.042391018470796585)","('stole', 0.03967583609824912)","('security', 0.03798081481303327)","('eye', 0.0372525478273772)","('cut', 0.036575743774362554)"
114,"('caring', 0.272009708956872)","('sharing', 0.1991251727949331)","('rich', 0.18856098363600693)","('untrusting', 0.14017010364164562)","('plzzz', 0.14017010364164562)","('responsibly', 0.12632523504297383)","('mehed', 0.12632523504297383)","('kodut', 0.12632523504297383)","('aidake', 0.12632523504297383)","('insider', 0.11823399157278239)"
115,"('card', 0.2379476812753452)","('swedbank', 0.15139507925697926)","('debit', 0.1332580058695063)","('bank', 0.11710397353081851)","('atm', 0.08718259902463847)","('lost', 0.08712212458633567)","('plzz', 0.06738947290463732)","('mihkel', 0.06738947290463732)","('esnaashari', 0.06738947290463732)","('lastname', 0.06738947290463732)"
116,"('washing', 0.2538145837593155)","('machine', 0.17194203004579825)","('wash', 0.11695396905588956)","('miele', 0.09717325772536449)","('washer', 0.09094922428675568)","('electrolux', 0.08311811356726584)","('dryer', 0.07252345524461806)","('drawer', 0.06277246232749532)","('laundromat', 0.05391157832370985)","('suspect', 0.05391157832370985)"
117,"('ride', 0.14470764099922642)","('horse', 0.07957654870472619)","('horseriding', 0.06320134411494917)","('ferry', 0.050938147744732584)","('riding', 0.050938147744732584)","('rider', 0.04046949349717063)","('seat', 0.03978112419348085)","('tee', 0.035066240634921315)","('motorcycle', 0.03460382674264334)","('organise', 0.03336589735021354)"
118,"('car', 0.20713255209860404)","('trailer', 0.15585387819775923)","('plate', 0.1168553605532464)","('italy', 0.07790357370216426)","('hand', 0.07559342719622458)","('registered', 0.0751665808621223)","('ownership', 0.07377373875876084)","('shook', 0.07377373875876084)","('enormously', 0.07377373875876084)","('insure', 0.07377373875876084)"
119,"('family', 0.12233922808772822)","('friendship', 0.07054027182782362)","('mum', 0.05507038073481511)","('dad', 0.0539674167072767)","('itsjuly', 0.05049231198011476)","('platform', 0.04851150146365397)","('connect', 0.04727243529269427)","('grandfather', 0.041437146579246166)","('matched', 0.03942700672591456)","('parent', 0.03916903721837694)"
120,"('meat', 0.38287542028617433)","('halal', 0.2214590363280126)","('pastrami', 0.10817153127366302)","('lamb', 0.1038976419590823)","('brisket', 0.08097771477113706)","('butcher', 0.07579102023896307)","('chicken', 0.0740583410346484)","('smoked', 0.07211435418244201)","('beef', 0.05812173268309231)","('cuisine', 0.052992143549259976)"
121,"('plant', 0.19797066834905236)","('cactus', 0.15410738702001306)","('egg', 0.11040564496121998)","('gymno', 0.09600692030249698)","('astrophytum', 0.09600692030249698)","('mushroomings', 0.09600692030249698)","('ostrich', 0.09600692030249698)","('vera', 0.09600692030249698)","('tree', 0.09468880579194425)","('yummy', 0.08652413359107797)"
122,"('ticket', 0.16962860513836386)","('trap', 0.08630218362976816)","('croatia', 0.0762227200060084)","('delete', 0.06618241093841168)","('comment', 0.057388529823039706)","('mentalism', 0.051156972131987444)","('pohjala', 0.051156972131987444)","('informaiton', 0.051156972131987444)","('isu', 0.051156972131987444)","('johhan', 0.051156972131987444)"
